{"blocks":[{"x":8.069999999999979,"y":351.8834314705554,"width":768.930000000001,"height":31.201145643872394},{"x":864.2142857142868,"y":350.10660133551636,"width":112.58571428571429,"height":33.759772565742765},{"x":958.3000000000011,"y":209.369807694089,"width":124,"height":170.23217247097853}]}